Titles, URLs, Locations
Interim Administrator\, Long-Term Care,/job-details/long-term-care-1143944,Confidential
Director Patient Care - Cardiology/Telemetry Units,/job-details/houston-tx-cardiovascular-1076001,Baylor St. Luke's Medical Center | Houston\, TX 77030
Project Manager\, Education Technology,/job-details/pasadena-ca-education-1036378,Kaiser Permanente School of Medicine | Pasadena\, CA 91101
Manager\, Med/Surg ICU,/job-details/asheville-nc-intensive-carecritical-care-1138574,Mission Health | Asheville\, NC 28801
Manager\, Operating Room,/job-details/asheville-nc-surgery-1138571,Mission Health | Asheville\, NC 28801
Interim Assistant Nurse Manager Operating Room,/job-details/santa-clara-ca-surgery-1141415,Confidential | Santa Clara\, CA 95051
Chief Medical Officer,/job-details/anchorage-ak-chief-medical-officer-1023913,Alaska Native Tribal Health Consortium | Anchorage\, AK 99508
Manager of Behavioral Health,/job-details/southfield-mi-behavioral-health-1143943,Providence Hospital | Southfield\, MI 48075
Interim Marketing & Communications Leader,/job-details/marketingpublic-relations-1143268,Confidential
Director of Perioperative Services,/job-details/neptune-nj-surgery-1118724,Jersey Shore University Medical Center | Neptune\, NJ 07754
